"Country";"Frequency Range";"Allocations";"Applications"
"- United States -";"8.3 - 9 kHz";"Meteorological Aids";""
"- United States -";"9 - 11.3 kHz";"Meteorological Aids/Radionavigation";""
"- United States -";"11.3 - 14 kHz";"Radionavigation";""
"- United States -";"14 - 19.95 kHz";"Fixed/Maritime Mobile/Fixed";""
"- United States -";"19.95 - 20.05 kHz";"Standard Frequency and Time Signal (20 kHz)";""
"- United States -";"20.05 - 59 kHz";"Fixed/Maritime Mobile/Fixed";""
"- United States -";"59 - 61 kHz";"Standard Frequency and Time Signal (60 kHz)";""
"- United States -";"61 - 70 kHz";"Fixed/Maritime Mobile/Fixed";""
"- United States -";"70 - 90 kHz";"Fixed/Maritime Mobile/Radiolocation/Fixed/Radiolocation";"Private Land Mobile"
"- United States -";"90 - 110 kHz";"Radionavigation";"Aviation/Private Land Mobile"
"- United States -";"110 - 130 kHz";"Fixed/Maritime Mobile/Radiolocation";"Private Land Mobile"
"- United States -";"130 - 135.7 kHz";"Fixed/Maritime Mobile";"Maritime"
"- United States -";"135.7 - 137.8 kHz";"Fixed/Maritime Mobile/Amateur (General,Extra, data,phone)";"Amateur Radio"
"- United States -";"137.8 - 160 kHz";"Fixed/Maritime Mobile";"Maritime"
"- United States -";"160 - 190 kHz";"Fixed/Maritime Mobile/Fixed";""
"- United States -";"190 - 200 kHz";"Aeronautical Radionavigation";"Aviation"
"- United States -";"200 - 275 kHz";"Aeronautical Radionavigation/Aeronautical Mobile";"Aviation"
"- United States -";"275 - 285 kHz";"Aeronautical Radionavigation/Aeronautical Mobile/Maritime radionavigation (radiobeacons)";"Aviation"
"- United States -";"285 - 325 kHz";"Maritime Radionavigation (radiobeacons)/Aeronautical Radionavigation (radiobeacons)";""
"- United States -";"325 - 335 kHz";"Aeronautical Radionagivation (radiobeacons)/Aeronautical Mobile/Maritime Radionavigation (radiobeacons)";"Aviation"
"- United States -";"335 - 405 kHz";"Aeronautical Radionavigation (radiobeacons)/Aeronautical Mobile";"Aviation"
"- United States -";"405 - 415 kHz";"Radionavigation/Aeronautical Mobile";"Maritime/Aviation"
"- United States -";"415 - 435 kHz";"Maritime Mobile/Aeronautical Radionavigation";"Maritime/Aviation"
"- United States -";"435 - 472 kHz";"Maritime Mobile/Aeronautical Radionagivation/Maritime Mobile";"Maritime/Aviation"
"- United States -";"472 - 479 kHz";"Amateur (General,Extra, data,phone)";"Amateur Radio"
"- United States -";"479 - 495 kHz";"Maritime Mobile/Aeronautical Radionagivation/Maritime Mobile";"Maritime"
"- United States -";"495 - 505 kHz";"Maritime Mobile";"Maritime/Aviation"
"- United States -";"505 - 510 kHz";"Maritime Mobile";"Maritime"
"- United States -";"510 - 525 kHz";"Maritime Mobile (ships only)/Aeronautical Radionagivation (radiobeacons)";"Maritime/Aviation"
"- United States -";"525 - 535 kHz";"Mobile/Aeronautical Radionagivation (radiobeacons)";"Aviation/Private Land Mobile"
"- United States -";"535 - 1605 kHz";"Broadcasting";"Radio Broadcast (AM)/Private Land Mobile"
"- United States -";"1605 - 1615 kHz";"Mobile/Broadcasting";"Radio Broadcast (AM)/Alaska Fixed/Private Land Mobile"
"- United States -";"1615 - 1705 kHz";"Broadcasting";"Radio Broadcast (AM)"
"- United States -";"1705 - 1800 kHz";"Fixed/Mobile/Radiolocation";"Alaska Fixed/Private Land Mobile"
"- United States -";"1800 - 2000 kHz";"Amateur (General,Extra, data,phone)";"Maritime/Amateur Radio"
"- United States -";"2000 - 2065 kHz";"Fixed/Mobile/Maritime Mobile";"Maritime/Private Land Mobile"
"- United States -";"2065 - 2107 kHz";"Maritime Mobile";"Maritime"
"- United States -";"2107 - 2170 kHz";"Fixed/Mobile/Fixed/Mobile Except Aeronautical Mobile";"Maritime/Private Land Mobile"
"- United States -";"2170 - 2173.5 kHz";"Maritime Mobile (telephony)/Maritime Mobile";"Maritime"
"- United States -";"2173.5 - 2190.5 kHz";"Mobile (distress and calling)";"Maritime/Aviation"
"- United States -";"2190.5 - 2194 kHz";"Maritime Mobile (telephony)/Maritime Mobile";"Maritime"
"- United States -";"2194 - 2495 kHz";"Fixed/Mobile/Fixed/Mobile except aeronautical mobile";"Maritime/Private Land Mobile"
"- United States -";"2495 - 2505 kHz";"Standard Frequency and Time Signal (2500 kHz)";""
"- United States -";"2505 - 2850 kHz";"Fixed/Mobile/Fixed/Mobile except aeronautical mobile";"Maritime/Aviation/Private Land Mobile"
"- United States -";"2850 - 3025 kHz";"Aeronautical Mobile (R)";"Aviation"
"- United States -";"3025 - 3155 kHz";"Aeronautical Mobile (OR)";""
"- United States -";"3155 - 3230 kHz";"Fixed/Mobile except aeronautical mobile (R)";"Maritime/Private Land Mobile"
"- United States -";"3.23 - 3.4 MHz";"Fixed/Mobile except aeronautical mobile/Radiolocation";"Maritime/Aviation/Private Land Mobile"
"- United States -";"3.4 - 3.5 MHz";"Aeronautical Mobile (R)";"Aviation"
"- United States -";"3.5 - 3.525 MHz";"Amateur (Extra, data)";"Amateur Radio"
"- United States -";"3.525 - 3.6 MHz";"Amateur (General,Extra, data,phone)/Amateur (Technician, CW)";"Amateur Radio"
"- United States -";"3.6 - 3.8 MHz";"Amateur (Extra, phone)";"Amateur Radio"
"- United States -";"3.8 - 4.0 MHz";"Amateur (General,Extra, phone)";"Amateur Radio"
"- United States -";"4 - 4.063 MHz";"Fixed/Maritime Mobile";"Maritime"
"- United States -";"4.063 - 4.438";"Maritime Mobile";"Maritime/Aviation"
"- United States -";"4.438 - 4.488";"Fixed/Mobile except aeronautical mobile (R)/Radiolocation";"Maritime/Private Land Mobile"
"- United States -";"4.488 - 4.65 MHz";"Fixed/Mobile except aeronautical mobile (R)";"Maritime/Aviation/Private Land Mobile"
"- United States -";"4.65 - 4.7 MHz";"Aeronautical Mobile (R)";"Aviation"
"- United States -";"4.7 - 4.75 MHz";"Aeronautical Mobile (OR)";""
"- United States -";"4.75 - 4.85 MHz";"Fixed/Mobile except aeronautical mobile (R)";"Maritime/Private Land Mobile"
"- United States -";"4.85 - 4.995 MHz";"Fixed/Mobile/Fixed";"Aviation/Private Land Mobile"
"- United States -";"4.995 - 5.005 MHz";"Standard Frequency and Time Signal (5MHz)";""
"- United States -";"5.005 - 5.06 MHz";"Fixed";"Aviation/Private Land Mobile"
"- United States -";"5.06 - 5.25 MHz";"Fixed/Mobile except aeronautical mobile";"Maritime/Aviation/Private Land Mobile"
"- United States -";"5.25 - 5.275 MHz";"Fixed/Mobile except aeronautical mobile/Radiolocation";"Maritime/Private Land Mobile"
"- United States -";"5.275 - 5.45 MHz";"Fixed/Mobile except aeronautical mobile";"Maritime/Aviation/Private Land Mobile/Amateur"
"- United States -";"5.45 - 5.68 MHz";"Aeronautical Mobile (R)";"Aviation"
"- United States -";"5.68 - 5.73 MHz";"Aeronautical Mobile (OR)";""
"- United States -";"5.73 - 5.9 MHz";"Fixed/Mobile except aeronautical mobile (R)";"Maritime/Aviation/Private Land Mobile"
"- United States -";"5.9 - 6.2 MHz";"Broadcasting";"International Broadcast Stations"
"- United States -";"6.2 - 6.525 MHz";"Maritime Mobile";"Maritime"
"- United States -";"6.525 - 6.685 MHz";"Aeronautical Mobile (R)";"Aviation"
"- United States -";"6.685 - 6.765 MHz";"Aeronautical Mobile (OR)";""
"- United States -";"6.765 - 7 MHz";"Fixed/Mobile except aeronautical mobile (R)";"ISM Equipment/Private Land Mobile"
"- United States -";"7 - 7.025 MHz";"Amateur (Extra, data)/Amateur Satellite";"Amateur Radio"
"- United States -";"7.025 - 7.125 MHz";"Amateur (General,Extra, data)/Amateur (Technician, CW)";"Amateur Radio"
"- United States -";"7.125 - 7.175 MHz";"Amateur (Extra, phone)";"Amateur Radio"
"- United States -";"7.175 - 7.3 MHz";"Amateur (General,Extra, phone)";"Amateur Radio"
"- United States -";"7.3 - 7.4 MHz";"Broadcasting";"International Broadcast Stations"
"- United States -";"7.4 - 7.45 MHz";"Fixed/Mobile except aeronautical mobile (R)";"International Broadcast Stations/Maritime/Private Land Mobile"
"- United States -";"7.45 - 8.1 MHz";"Fixed/Mobile except aeronautical mobile (R)";"Maritime/Aviation/Private Land Mobile"
"- United States -";"8.1 - 8.195 MHz";"Fixed/Maritime Mobile";"Maritime"
"- United States -";"8.195 - 8.815 MHz";"Maritime Mobile";"Maritime/Aviation"
"- United States -";"8.815 - 8.965 MHz";"Aeronautical Mobile (R)";"Aviation"
"- United States -";"8.965 - 9.04 MHz";"Aeronautical Mobile (OR)";""
"- United States -";"9.04 - 9.4 MHz";"Fixed";"Maritime/Private Land Mobile"
"- United States -";"9.4 - 9.9 MHz";"Broadcasting";"International Broadcast Stations"
"- United States -";"9.9 - 9.995 MHz";"Fixed";"Private Land Mobile"
"- United States -";"9.995 - 10.005 MHz";"Standard Frequency and Time Signal (10 MHz)";""
"- United States -";"10.005 - 10.1 MHz";"Aeronautical Mobile (R)";"Aviation"
"- United States -";"10.1 - 10.15 MHz";"Amateur (General,Extra, data)";"Amateur Radio"
"- United States -";"10.15 - 11.175 MHz";"Fixed/Mobile except aeronautical mobile (R)";"Private Land Mobile"
"- United States -";"11.175 - 11.275 MHz";"Aeronautical Mobile (OR)";""
"- United States -";"11.275 - 11.4 MHz";"Aeronautical Mobile (R)";"Aviation"
"- United States -";"11.4 - 11.6 MHz";"Fixed";"Private Land Mobile"
"- United States -";"11.6 - 12.1 MHz";"Broadcasting";"International Broadcast Stations"
"- United States -";"12.1 - 12.23 MHz";"Fixed";"Private Land Mobile"
"- United States -";"12.23 - 13.2 MHz";"Maritime Mobile";"Maritime"
"- United States -";"13.2 - 13.26 MHz";"Aeronautical Mobile (OR)";""
"- United States -";"13.26 - 13.36 MHz";"Aeronautical Mobile (R)";"Aviation"
"- United States -";"13.36 - 13.41 MHz";"Radio Astronomy";""
"- United States -";"13.41 - 13.45 MHz";"Fixed/Mobile except aeronautical mobile (R)/Fixed";"Private Land Mobile"
"- United States -";"13.45 - 13.55 MHz";"Fixed/Mobile except aeronautical mobile (R)/Radiolocation/Fixed/Radiolocation";"Private Land Mobile"
"- United States -";"13.55 - 13.57 MHz";"Fixed/Mobile except aeronautical mobile (R)/Fixed";"ISM Equipment/Private Land Mobile"
"- United States -";"13.57 - 13.87 MHz";"Broadcasting";"International Broadcast Stations"
"- United States -";"13.87 - 14 MHz";"Fixed/Mobile except aeronautical mobile (R)/Fixed";"Private Land Mobile"
"- United States -";"14 - 14.025 MHz";"Amateur (Extra, data)/Amateur Satellite";"Amateur Radio"
"- United States -";"14.025 - 14.15 MHz";"Amateur (General,Extra, data)/Amateur Satellite";"Amateur Radio"
"- United States -";"14.15 - 14.225 MHz";"Amateur (Extra, phone)/Amateur Satellite";"Amateur Radio"
"- United States -";"14.225 - 14.25 MHz";"Amateur(General,Extra, phone)/Amateur Satellite";"Amateur Radio"
"- United States -";"14.25 - 14.35 MHz";"Amateur(General,Extra, phone)";"Amateur Radio"
"- United States -";"14.35 - 14.99 MHz";"Fixed/Mobile except aeronautical mobile (R)/Fixed";"Private Land Mobile"
"- United States -";"14.99 -15.01 MHz";"Standard Frequency and Time Signal (15 MHz)";""
"- United States -";"15.01 - 15.1 MHz";"Aeronautical Mobile (OR)";""
"- United States -";"15.1 - 15.8 MHz";"Broadcasting";"International Broadcast Stations"
"- United States -";"15.8 - 16.1 MHz";"Fixed";"Private Land Mobile"
"- United States -";"16.1 - 16.2 MHz";"Fixed/Radiolocation";"Private Land Mobile"
"- United States -";"16.2 - 16.36 MHz";"Fixed";"Private Land Mobile"
"- United States -";"16.36 - 17.41 MHz";"Maritime Mobile";"Maritime"
"- United States -";"17.41 - 17.48 MHz";"Fixed";"Private Land Mobile"
"- United States -";"17.48 - 17.9 MHz";"Broadcasting";"International Broadcast Stations"
"- United States -";"17.9 - 17.97 MHz";"Aeronautical Mobile (R)";"Aviation"
"- United States -";"17.97 - 18.03 MHz";"Aeronautical Mobile (OR)";""
"- United States -";"18.03 - 18.068 MHz";"Fixed";"Maritime/Private Land Mobile"
"- United States -";"18.068 - 18.110 MHz";"Amateur (General,Extra, data)/Amateur Satellite";"Amateur Radio"
"- United States -";"18.110 - 18.168 MHz";"Amateur (General,Extra, phone)/Amateur Satellite";"Amateur Radio"
"- United States -";"18.168 - 18.78 MHz";"Fixed/Mobile";"Maritime/Private Land Mobile"
"- United States -";"18.78 - 18.9 MHz";"Maritime Mobile";"Maritime"
"- United States -";"18.9 - 19.02 MHz";"Broadcasting";"International Broadcast Stations"
"- United States -";"19.02 - 19.68 MHz";"Fixed";"Private Land Mobile"
"- United States -";"19.68 - 19.8 MHz";"Maritime Mobile";"Maritime"
"- United States -";"19.8 - 19.99 MHz";"Fixed";"Private Land Mobile"
"- United States -";"19.99 - 20.01 MHz";"Standard Frequency and Time Signal (20 MHz)";"Private Land Mobile"
"- United States -";"20.01 - 21 MHz";"Fixed/Mobile/Fixed";"Private Land Mobile"
"- United States -";"21 - 21.025 MHz";"Amateur (Extra, data)/Amateur Satellite";"Amateur Radio"
"- United States -";"21.025 - 21.2 MHz";"Amateur (General,Extra, data)/Amateur (Technician, CW)/Amateur Satellite";"Amateur Radio"
"- United States -";"21.2 - 21.275 MHz";"Amateur (Extra, phone)/Amateur Satellite";"Amateur Radio"
"- United States -";"21.275 - 21.45 MHz";"Amateur (General,Extra, phone)/Amateur Satellite";"Amateur Radio"
"- United States -";"21.45 - 21.85 MHz";"Broadcasting";"International Broadcast Stations"
"- United States -";"21.85 - 21.924 MHz";"Fixed";"Aviation/Private Land Mobile"
"- United States -";"21.924 - 22 MHz";"Aeronautical Mobile (R)";"Aviation"
"- United States -";"22 - 22.855 MHz";"Maritime Mobile";"Maritime"
"- United States -";"22.855 - 23 MHz";"Fixed";"Private Land Mobile"
"- United States -";"23 - 23.2 MHz";"Fixed/Mobile except aeronautical mobile (R)/Fixed";"Private Land Mobile"
"- United States -";"23.2 - 23.35 MHz";"Aeronautical Mobile (OR)";""
"- United States -";"23.35 - 24.45 MHz";"Fixed/Mobile except aeronautical mobile/Fixed";"Private Land Mobile"
"- United States -";"24.45 - 24.65 MHz";"Fixed/Mobile except aeronautical mobile/Radiolocation/Fixed/Radiolocation";"Private Land Mobile"
"- United States -";"24.65 - 24.89 MHz";"Fixed/Mobile except aeronautical mobile/Fixed";"Private Land Mobile"
"- United States -";"24.89 - 24.93 MHz";"Amateur (General,Extra, data)/Amateur Satellite";"Amateur Radio"
"- United States -";"24.93 - 24.99 MHz";"Amateur (General,Extra, phone)/Amateur Satellite";"Amateur Radio"
"- United States -";"24.99 - 25.01 MHz";"Standard Frequency and Time Signal (25 MHz)";""
"- United States -";"25.01 - 25.07 MHz";"Land Mobile";"Private Land Mobile"
"- United States -";"25.07 - 25.21 MHz";"Maritime Mobile/Maritime Mobile";"Maritime/Private Land Mobile"
"- United States -";"25.21 - 25.33 MHz";"Land Mobile";"Private Land Mobile"
"- United States -";"25.33 - 25.55 MHz";"Fixed/Mobile except aeronautical mobile";""
"- United States -";"25.55 - 25.67 MHz";"Radio Astronomy";""
"- United States -";"25.67 - 26.1 MHz";"Broadcasting";"International Broadcast Stations/Remote Pickup"
"- United States -";"26.1 - 26.175 MHz";"Maritime Mobile";"Remote Pickup/Low Power Auxiliary/Maritime"
"- United States -";"26.175 - 26.2 MHz";"Land Mobile";"Remote Pickup/Low Power Auxiliary"
"- United States -";"26.2 - 26.42 MHz";"Radiolocation/Land Mobile/Radiolocation";"Remote Pickup/Low Power Auxiliary/Private Land Mobile"
"- United States -";"26.42 - 26.48 MHz";"Land Mobile";"Remote Pickup/Low Power Auxiliary"
"- United States -";"26.48 - 26.95 MHz";"Fixed/Mobile except aeronautical mobile";""
"- United States -";"26.95 - 26.96 MHz";"Fixed";"ISM Equipment"
"- United States -";"26.96 - 27.23 MHz";"Mobile except aeronautical mobile";"ISM Equipment/Personal Radio"
"- United States -";"27.23 - 27.41 MHz";"Fixed/Mobile except aeronautical mobile";"ISM Equipment/Private Land Mobile/Personal Radio"
"- United States -";"27.41 - 27.54 MHz";"Fixed/Land Mobile";"Private Land Mobile"
"- United States -";"27.54 - 28 MHz";"Fixed/Mobile";"Private Land Mobile"
"- United States -";"28 - 28.3 MHz";"Amateur (Technician,General,Extra, data)/Amateur Satellite";"Amateur Radio"
"- United States -";"28.3 - 28.5 MHz";"Amateur (General,Extra, phone)/Amateur (Technician, SSB phone)/Amateur Satellite";"Amateur Radio"
"- United States -";"28.5 - 29.7 MHz";"Amateur (General,Extra, phone)/Amateur Satellite";"Amateur Radio"
"- United States -";"29.7 - 29.8 MHz";"Land Mobile";"Private Land Mobile"
"- United States -";"29.8 - 29.89 MHz";"Fixed";""
"- United States -";"29.89 - 29.91 MHz";"Fixed/Mobile";""
"- United States -";"29.91 - 30 MHz";"Fxied";""
"- United States -";"30 - 30.56 MHz";"Fixed/Mobile";""
"- United States -";"30.56 - 32 MHz";"Fixed/Land Mobile";"Private Land Mobile"
"- United States -";"32 - 33 MHz";"Fixed/Mobile";""
"- United States -";"33 - 34 MHz";"Fixed/Land Mobile";"Private Land Mobile"
"- United States -";"34 - 35 MHz";"Fixed/Mobile";""
"- United States -";"35 - 36 MHz";"Fixed/Land Mobile";"Public Mobile/Private Land Mobile"
"- United States -";"36 - 37 MHz";"Fixed/Mobile";""
"- United States -";"37 - 37.5 MHz";"Land Mobile";"Private Land Mobile"
"- United States -";"37.5 - 38 MHz";"Radio Astronomy/Land Mobile/Radio Astronomy";"Private Land Mobile"
"- United States -";"38 - 38.25 MHz";"Fixed/Mobile/Radio Astronomy/Radio Astronomy";""
"- United States -";"38.25 - 39 MHz";"Fixed/Mobile";""
"- United States -";"39 - 40 MHz";"Land Mobile";"Private Land Mobile"
"- United States -";"40 - 41.015 MHz";"Fixed/Mobile";"ISM Equipment/Private Land Mobile"
"- United States -";"41.015 - 41.665 MHz";"Fixed/Mobile/Radiolocation/Radiolocation";"Private Land Mobile"
"- United States -";"41.665 - 42 MHz";"Fixed/Mobile";"Private Land Mobile"
"- United States -";"42 - 43.35 MHz";"Fixed/Land Mobile";"Public Mobile/Private Land Mobile"
"- United States -";"43.35 - 43.69 MHz";"Radiolocation/Fixed/Land Mobile/Radiolocation";"Public Mobile/Private Land Mobile"
"- United States -";"43.69 - 44 MHz";"Radiolocation/Land Mobile/Radiolocation";"Private Land Mobile"
"- United States -";"44 - 46.6 MHz";"Land Mobile";"Private Land Mobile"
"- United States -";"46.6 - 47 MHz";"Fixed/Mobile";""
"- United States -";"47 - 49.6 MHz";"Land Mobile";"Private Land Mobile"
"- United States -";"49.6 - 50 MHz";"Fixed/Mobile";""
"- United States -";"50 - 50.1 MHz";"Amateur (Technician,General,Extra, CW)";"Amateur Radio"
"- United States -";"50.1 - 54 MHz";"Amateur (Technician,General,Extra, data,phone)";"Amateur Radio"
"- United States -";"54 - 72 MHz";"Broadcasting";"Broadcast Radio (TV)/LPTV, TV Translater&Booster/Low Power Auxiliary"
"- United States -";"72 - 73 MHz";"Fixed/Mobile";"Public Mobile/Maritime/Aviation/Private Land Mobile/Personal Radio"
"- United States -";"73 -74.6 MHz";"Radio Astronomy";""
"- United States -";"74.6 - 74.8 MHz";"Fixed/Mobile";"Private Land Mobile"
"- United States -";"74.8 - 75.2 MHz";"Aeronautical Radionavigation";"Aviation"
"- United States -";"75.2 - 75.4 MHz";"Fixed/Mobile";"Private Land Mobile"
"- United States -";"75.4 - 76 MHz";"Fixed/Mobile";"Public Mobile/Maritime/Aviation/Private Land Mobile/Personal Radio"
"- United States -";"76 - 88 MHz";"Broadcasting";"Broadcast Radio (TV)/LPTV, TV Translater&Booster/Low Power Auxiliary"
"- United States -";"88 - 108 MHz";"Broadcasting";"Broadcast Radio (FM)/FM Translater&Booster"
"- United States -";"108 - 117.975 MHz";"Aeronautical Radionagivation";"Aviation"
"- United States -";"117.975 - 121.9375 MHz";"Aeronautical Mobile (R)";"Aviation"
"- United States -";"121.9375 - 123.0875 MHz";"Aeronautical Mobile";"Aviation"
"- United States -";"123.0875 - 123.5875 MHz";"Aeronautical Mobile";"Aviation"
"- United States -";"123.5875 - 128.8125 MHz";"Aeronautical Mobile (R)";"Aviation"
"- United States -";"128.8125 - 132.0125 MHz";"Aeronautical Mobile (R)";"Aviation"
"- United States -";"132.0125 - 136 MHz";"Aeronautical Mobile (R)";"Aviation"
"- United States -";"136 - 137 MHz";"Aeronautical Mobile (R)";"Aviation"
"- United States -";"137 - 137.025 MHz";"Space Operation (space-to-Earth)/Meteorological Satellite (space-to-Earth)/Mobile Satellite (space-to-Earth)/Space Research (space-to-Earth)";"Satellite Communications"
"- United States -";"137.025 - 137.175 MHz";"Space Operation (space-to-Earth)/Meteorological Satellite (space-to-Earth)/Space Research (space-to-Earth)/Mobile Satellite (space-to-Earth)";"Satellite Communications"
"- United States -";"137.175 - 137.825 MHz";"Space Operation (space-to-Earth)/Meteorological Satellite (space-to-Earth)/Mobile Satellite (space-to-Earth)/Space Research (space-to-Earth)";"Satellite Communications"
"- United States -";"137.825 - 138 MHz";"Space Operation (space-to-Earth)/Meteorological Satellite (space-to-Earth)/Space Research (space-to-Earth)/Mobile Satellite (space-to-Earth)";"Satellite Communications"
"- United States -";"138 - 144 MHz";"Fixed/Mobile";""
"- United States -";"144 - 144.1 MHz";"Amateur (Technician,General,Extra, CW)/Amateur Satellite";"Amateur Radio"
"- United States -";"144.1 - 146 MHz";"Amateur (Technician,General,Extra, data,phone)/Amateur Satellite";"Amateur Radio"
"- United States -";"146 - 148 MHz";"Amateur (Technician,General,Extra, data,phone)";"Amateur Radio"
"- United States -";"148 - 149.9 MHz";"Fixed/Mobile/Mobile Satellite (Earth-to-space)/Mobile Satellite (Earth-to-space)";"Satellite Communications"
"- United States -";"149.9 - 150.05 MHz";"Mobile Satellite (Earth-to-space)/Radionagivation Satellite";"Satellite Communications"
"- United States -";"150.05 - 150.8 MHz";"Fixed/Mobile";""
"- United States -";"150.8 - 152.855 MHz";"Fixed/Land Mobile";"Public Mobile/Private Land Mobile/Personal Radio"
"- United States -";"152.855 - 154 MHz";"Land Mobile";"Remote Pickup/Private Land Mobile"
"- United States -";"154 - 156.2475 MHz";"Fixed/Land Mobile";"Maritime/Private Land Radio/Personal Radio"
"- United States -";"156.2475 - 156.5125 MHz";"Maritime Mobile";"Maritime/Aviation"
"- United States -";"156.5125 - 156.5375 MHz";"Maritime Mobile (distress, urgency, safety and calling via DSC)";"Maritime/Aviation"
"- United States -";"156.5375 - 156.7625 MHz";"Maritime Mobile";"Maritime/Aviation"
"- United States -";"156.7625 - 156.7875 MHz";"Mobile Satellite (Earth-to-space)(AIS 3)";"Satellite Communications/Maritime"
"- United States -";"156.7875 - 156.8125 MHz";"Maritime Mobile (distress, urgency, safety and calling)";"Maritime/Aviation"
"- United States -";"156.8125 - 156.8375 MHz";"Mobile Satellite (Earth-to-space)(AIS 4)";"Satellite Communications/Maritime"
"- United States -";"156.8375 - 157.0375 MHz";"Maritime Mobile";"Maritime/Aviation"
"- United States -";"157.0375 - 157.1875 MHz";"Maritime Mobile";"Maritime"
"- United States -";"157.1875 - 157.45 MHz";"Mobile except aeronautical mobile";"Maritime/Aviation/Private Land Mobile"
"- United States -";"157.45 - 161.575 MHz";"Fixed/Land Mobile";"Public Mobile/Remote Pickup/Maritime/Private Land Mobile"
"- United States -";"161.575 - 161.625 MHz";"Maritime Mobile";"Public Mobile/Maritime"
"- United States -";"161.625 - 161.775 MHz";"Land Mobile";"Public Mobile/Remote Pickup/Low Power Auxiliary"
"- United States -";"161.775 - 161.9625 MHz";"Mobile except aeronautical mobile";"Maritime/Public Land Mobile"
"- United States -";"161.9625 - 161.9875 MHz";"Aeronautical Mobile (OR)(AIS 1)/Maritime Mobile (AIS 1)/Mobile Satellite (Earth-to-space)(AIS 1)";"Satellite Communications/Maritime"
"- United States -";"161.9875 - 162.0125 MHz";"Mobile except aeronautical mobile";"Maritime"
"- United States -";"162.0125 - 162.0375 MHz";"Aeronautical Mobile (OR)(AIS 2)/Maritime Mobile (AIS 2)/Mobile Satellite (Earth-to-space)(AIS 2)";"Satellite Communications/Maritime"
"- United States -";"162.0375 - 173.2 MHz";"Fixed/Mobile";"Remote Pickup/Private Land Mobile"
"- United States -";"173.2 - 173.4 MHz";"Fixed/Land Mobile";"Private Land Mobile"
"- United States -";"173.4 - 174 MHz";"Fixed/Mobile";""
"- United States -";"174 - 216 MHZ";"Broadcasting";"Broadcast Radio (TV)/LPTV, TV Translater&Booster/Low Power Auxiliary"
"- United States -";"216 - 217 MHz";"Fixed/Land Mobile/Fixed/Mobile except aeronautical mobile";"Maritime/Private Land Mobile/Personal Radio"
"- United States -";"217 - 219 MHz";"Fixed/Mobile/Fixed/Mobile except aeronautical mobile";"Maritime/Private Land Mobile/Personal Radio"
"- United States -";"219 - 220 MHz";"Fixed/Mobile/Fixed/Mobile except aeronautical mobile/Amateur (Technician,General,Extra, fixed digital messaging forwarding)";"Maritime/Private Land Mobile/Amateur Radio"
"- United States -";"220 - 222 MHz";"Fixed/Land Mobile";"Private Land Mobile"
"- United States -";"222 - 225 MHz";"Amateur (Technician,General,Extra, data,phone)";"Amateur Radio"
"- United States -";"225 - 235 MHz";"Fixed/Mobile";""
"- United States -";"235 - 267 MHz";"Fixed/Mobile";""
"- United States -";"267 - 322 MHz";"Fixed/Mobile";""
"- United States -";"322 - 328.6 MHz";"Fixed/Mobile";""
"- United States -";"328.6 - 335.4 MHz";"Aeronautical Radionagivation";"Aviation"
"- United States -";"335.4 - 399.9 MHz";"Fixed/Mobile";""
"- United States -";"399.9 - 400.05 MHz";"Mobile Satellite (Earth-to-space)/Radionagivation Satellite";"Satellite Communications"
"- United States -";"400.05 - 400.15 MHz";"Standard Frequency and Tiem Signal Satellite (400.1 MHz)";""
"- United States -";"400.15 - 401 MHz";"Meteorological Aids (radiosonde)/Meteorological Satellite (space-to-Earth)/Mobile Satellite (space-to-Earth)/Space Research (space-to-Earth)/Space operation (space-to-Earth)/Meteorological Aids (radiosonde)/Mobile Satellite (space-to-Earth)/Space Research (space-to-Earth)/Space operation (space-to-Earth)";"Satellite Communications"
"- United States -";"401 - 402 MHz";"Meteorological Aids (radiosonde)/Space Operation (space-to-Earth)/Earth Exploration Satellite (Earth-to-space)/Meteorological Satellite (Earth-to-space)";"MedRadio"
"- United States -";"402 - 403 MHz";"Meteorological Aids (radiosonde)/Earth Exploration Satellite (Earth-to-space)/Meteorological Satellite (Earth-to-space)";"MedRadio"
"- United States -";"403 - 406 MHz";"Meteorological Aids (radiosonde)/Meteorological Aids (radiosonde)";"MedRadio"
"- United States -";"406 -406.1 MHz";"Mobile Satellite (Earth-to-space)";"Maritime (EPIRBs)/Aviation (ELTs)/Personal Radio"
"- United States -";"406.1 - 410 MHz";"Fixed/Mobile/Radio Astronomy/Radio Astronomy";"Private Land Mobile"
"- United States -";"410 - 420 MHz";"Fixed/Mobile/Space Research (space-to-space)";"Private Land Radio/MedRadio"
"- United States -";"420 - 450 MHz";"Radiolocation/Amateur (Technician,General,Extra, data,phone)";"Private Land Mobile/MedRadio/Amateur Radio"
"- United States -";"450 - 454 MHz";"Land Mobile";"Remote Pickup/Low Power Auxiliary/Private Land Mobile/MedRadio"
"- United States -";"454 - 455 MHz";"Fixed/Land Mobile";"Public Mobile/Maritime/MedRadio"
"- United States -";"455 - 456 MHz";"Land Mobile";"Remote Pickup/Low Power Auxiliary/MedRadio"
"- United States -";"456 - 460 MHz";"Fixed/Land Mobile";"Public Mobile/Maritime/Private Land Mobile/MedRadio"
"- United States -";"460 - 462.5375 MHz";"Meteorological Satellite (space-to-Earth)/Fixed/Land Mobile";"Private Land Mobile"
"- United States -";"462.5375 - 462.7375 MHz";"Meteorological Satellite (space-to-Earth)/Land Mobile";"Personal Radio"
"- United States -";"462.7375 - 467.5375 MHz";"Meteorological Satellite (space-to-Earth)/Fixed/Land Mobile";"Maritime/Private Land Mobile"
"- United States -";"467.5375 - 467.7375 MHz";"Meteorological Satellite (space-to-Earth)/Land Mobile";"Maritime/Personal Radio"
"- United States -";"467.7375 - 470 MHz";"Meteorological Satellite (space-to-Earth)/Fixed/Land Mobile";"Maritime/Private Land Mobile"
"- United States -";"470 - 512 MHz";"Fixed/Land Mobile/Broadcasting";"Public Mobile/Broadcast Radio (TV)/LPTV, TV Translater&Booster/Low Power Auxiliary/Private Land Mobile"
"- United States -";"512 - 608 MHz";"Broadcasting";"Broadcast Radio (TV)/LPTV, TV Translater&Booster/Low Power Auxiliary"
"- United States -";"608 - 614 MHz";"Land Mobile (medical telemetry and medical telecommand)/Radio Astronomy";"Personal Radio"
"- United States -";"614 - 698 MHz";"Fixed/Mobile";"RF Devices/Wireless Communications/LPTV, TV Translater&Booster/Low Power Auxiliary"
"- United States -";"698 - 758 MHz";"Fixed/Mobile/Broadcasting";"Wireless Communications/LPTV and TV Translator"
"- United States -";"758 - 775 MHz";"Fixed/Mobile";"Public Safety Land Mobile"
"- United States -";"775 - 788 MHz";"Fixed/Mobile/Broadcasting";"Wireless Communications/LPTV and TV Translator"
"- United States -";"788 - 805 MHz";"Fixed/Mobile";"Public Safety Land Mobile"
"- United States -";"805 - 806 MHz";"Fixed/Mobile/Broadcasting";"Wireless Communications/LPTV and TV Translator"
"- United States -";"806 - 809 MHz";"Land Mobile";"Public Safety Land Mobile"
"- United States -";"809 - 849 MHz";"Fixed/Land Mobile";"Public Mobile/Private Land Mobile"
"- United States -";"849 - 851 MHz";"Aeronautical Mobile";"Public Mobile"
"- United States -";"851 - 854 MHz";"Land Mobile";"Public Safety Land Mobile"
"- United States -";"854 - 894 MHz";"Fixed/Land Mobile";"Public Mobile/Private Land Mobile"
"- United States -";"894 - 896 MHz";"Aeronautical Mobile";"Public Mobile"
"- United States -";"896 - 901 MHz";"Fixed/Land Mobile";"Private Land Mobile"
"- United States -";"901 - 902 MHz";"Fixed/Mobile";"Personal Communications"
"- United States -";"902 - 928 MHz";"Radiolocation/Amateur (Technician,General,Extra, data,phone)";"ISM Equipment/Private Land Mobile/Amateur Radio"
"- United States -";"928 - 929 MHz";"Fixed";"Public Mobile/Private Land Mobile/Fixed Microwave"
"- United States -";"929 - 930 MHz";"Fixed/Land Mobile";"Private Land Mobile"
"- United States -";"930 - 931 MHz";"Fixed/Mobile";"Personal Communications"
"- United States -";"931 - 932 MHz";"Fixed/Land Mobile";"Public Mobile"
"- United States -";"932 - 935 MHz";"Fixed";"Public Mobile/Fixed Microwave"
"- United States -";"935 - 940 MHz";"Fixed/Land Mobile";"Private Land Mobile"
"- United States -";"940 - 941 MHz";"Fixed/Mobile";"Personal Communications"
"- United States -";"941 - 944 MHz";"Fixed/Fixed";"Public Mobile/Aural Broadcast Auxiliary/Low Power Auxiliary/Fixed Microwave"
"- United States -";"944 - 960 MHz";"Fixed";"Public Mobile/Aural Broadcast Auxiliary/Low Power Auxiliary/Fixed Microwave"
"- United States -";"960 - 1164 MHz";"Aeronautical Mobile (R)/Aeronautical Radionagivation";"Aviation"
"- United States -";"1164 - 1215 MHz";"Aeronautical Radionagivation/Radionavigation Satellite (space-to-Earth)(space-to-space)";"Aviation"
"- United States -";"1215 - 1240 MHz";"Earth Exploration Satellite (active)/Radiolocation/Radionagivation Satellite (space-to-Earth)(space-to-space)/Space Research (active)/Earth Exploration Satellite (active)/Space Research (active)";""
"- United States -";"1240 - 1300 MHz";"Earth Exploration Safety (active)/Radiolocation/Space Research (active)/Aeronautical Radionagivation/Aeronautical Radionagivation/Amateur (Technician,General,Extra, data,phone)/Earth Exploration Satellite (active)/Space Research (active)";"Amateur Radio"
"- United States -";"1300 - 1350 MHz";"Aeronautical Radionagivation/Radiolocation/Aeronautical Radionagivation";"Aviation"
"- United States -";"1350 - 1390 MHz";"Fixed/Mobile/Radiolocation";""
"- United States -";"1390 - 1400 MHz";"Land Mobile (medical telemetry and medical telecommand)";"Personal Radio"
"- United States -";"1400 - 1427 MHz";"Earth Exploration Satellite (passive)/Radio Astronomy/Space Research (passive)";""
"- United States -";"1427 - 1429.5 MHz";"Land Mobile (medical telemetry and medical telecommand)/Land Mobile (telemetry and telecommand)/Fixed (telemetry)";"Private Land Mobile/Personal Radio"
"- United States -";"1429.5 - 1432 MHz";"Fixed (telemetry and telecommand)/Land Mobile (telemetry and telecommand)";"Private Land Mobile/Personal Radio"
"- United States -";"1432 - 1435 MHz";"Fixed/Mobile except aeronautical mobile";"Wireless Communications"
"- United States -";"1435 - 1525 MHz";"Mobile (aeronautical telemetry)";"Aviation"
"- United States -";"1525 - 1535 MHz";"Mobile Satellite (space-to-Earth)";"Satellite Communications/Maritime"
"- United States -";"1535 - 1559 MHz";"Mobile Satellite (space-to-Earth)";"Satellite Communications/Maritime/Aviation"
"- United States -";"1559 - 1610 MHz";"Aeronautical Radionagivation/Radionagivation Satellite (space-to-Earth)(space-to-space)";"Aviation"
"- United States -";"1610 - 1610.6 MHz";"Mobile Satellite (Earth-to-space)/Aeronautical Radionagivation/Radiodetermination Satellite (Earth-to-space)";"Satellite Communications/Aviation"
"- United States -";"1610.6 - 1613.8 MHz";"Mobile Satellite (Earth-to-space)/Radio Astronomy/Aeronautical Radionagivation/Radiodetermination Satellite (Earth-to-space)";"Satellite Communications/Aviation"
"- United States -";"1613.8 - 1626.5 MHz";"Mobile Satellite (Earth-to-space)/Aeronautical Radionagivation/Radiodetermination Satellite (Earth-to-space)/Mobile Satellite (space-to-Earth)";"Satellite Communications/Aviation"
"- United States -";"1626.5 - 1660 MHz";"Mobile Satellite (Earth-to-space)";"Satellite Communications/Maritime/Aviation"
"- United States -";"1660 - 1660.5 MHz";"Mobile Satellite (Earth-to-space)/Radio Astronomy";"Satellite Communications/Aviation"
"- United States -";"1660.5 - 1668.4 MHz";"Radio Astronomy/Space Research (passive)";""
"- United States -";"1668.4 - 1670 MHz";"Meteorological Aids (radiosonde)/Radio Astronomy";""
"- United States -";"1670 - 1675 MHz";"Fixed/Mobile except aeronautical mobile";"Wireless Communications"
"- United States -";"1675 - 1695 MHz";"Meteorological Aids (radiosonde)/Meteorological Satellite (space-to-Earth)";""
"- United States -";"1695 - 1710 MHz";"Meteorological Satellite (space-to-Earth)/Fixed/Mobile except aeronautical mobile";"Wireless Communications"
"- United States -";"1710 - 1761 MHz";"Fixed/Mobile";"Wireless Communications"
"- United States -";"1761 - 1780 MHz";"Space Operation (Earth-to-space)/Fixed/Mobile";"Wireless Communications"
"- United States -";"1780 - 1850 MHz";"Fixed/Mobile/Space Operation (Earth-to-space)";""
"- United States -";"1850 - 2000 MHz";"Fixed/Mobile";"RF Devices/Personal Communications/Wireless Communications/Fixed Microwave"
"- United States -";"2000 - 2020 MHz";"Fixed/Mobile/Mobile Satellite (Earth-to-space)";"Satellite Communications/Wireless Communications"
"- United States -";"2020 - 2025 MHz";"Fixed/Mobile";""
"- United States -";"2025 - 2110 MHz";"Space Operation (Earth-to-space)(space-to-space)/Earth Exploration Satellite (Earth-to-space)(space-to-space)/Space Research (Earth-to-space)(space-to-space)/Fixed/Mobile/Fixed/Mobile";"TV Auxiliary Broadcasting/Cable TV Relay/Local TV Transmission"
"- United States -";"2110 - 2120 MHz";"Fixed/Mobile";"Public Mobile/Wireless Communications/Fixed Microwave"
"- United States -";"2120 - 2180 MHz";"Fixed/Mobile";"Public Mobile/Wireless Communications/Fixed Microwave"
"- United States -";"2180 - 2200 MHz";"Fixed/Mobile/Mobile Satellite (space-to-Earth)";"Satellite Communications/Wireless Communications"
"- United States -";"2200 - 2290 MHz";"Space Operation (space-to-Earth)(space-to-space)/Earth Exploration Satellite (space-to-Earth)(space-to-space)/Fixed (line-of-sight only)/Mobile (line-of-sight only including aeronautical telemetry, but excluding flight testing of manned aircraft)/Space Research (space-to-Earth)(space-to-space)";""
"- United States -";"2290 - 2300 MHz";"Fixed/Mobile except aeronautical mobile/Space Research (deep space)(space-to-Earth)";""
"- United States -";"2300 - 2305 MHz";"Amateur (Technician,General,Extra, all modes)";"Amateur Radio"
"- United States -";"2305 - 2310 MHz";"Fixed/Mobile except aeronautical mobile/Radiolocation/Amateur (Technician,General,Extra, all modes)";"Wireless Communications/Amateur Radio"
"- United States -";"2310 - 2320 MHz";"Fixed/Mobile/Radiolocation/Fixed/Mobile/Broadcasting Satellite/Radiolocation";"Wireless Communications"
"- United States -";"2320 - 2345 MHz";"Fixed/Radiolocation/Broadcasting Satellite";"Satellite Communications"
"- United States -";"2345 - 2360 MHz";"Fixed/Mobile/RadiolocationFixed/Mobile/Broadcasting Satellite/Radiolocation";"Wireless Communications"
"- United States -";"2360 - 2390 MHz";"Mobile/Radiolocation/Fixed/Mobile";"Aviation/Personal Radio"
"- United States -";"2390 - 2395 MHz";"Mobile/Amateur (Technician,General,Extra, all modes)/Mobile";"Aviation/Personal Radio/Amateur Radio"
"- United States -";"2395 - 2400 MHz";"Amateur (Technician,General,Extra, all modes)";"Personal Radio/Amateur Radio"
"- United States -";"2400 - 2417 MHz";"Amateur (Technician,General,Extra, all modes)";"ISM Equipment/Amateur Radio"
"- United States -";"2417 - 2450 MHz";"Radiolocation/Amateur (Technician,General,Extra, all modes)";"ISM Equipment/Amateur Radio"
"- United States -";"2450 - 2483.5 MHz";"Fixed/Mobile/Radiolocation";"ISM Equipment/TV Auxiliary Broadcasting/Private Land Mobile/Fixed Microwave"
"- United States -";"2483.5 - 2495 MHz";"Mobile Satellite (space-to-Earth)/Radiodetermination Satellite (space-to-Earth)/Mobile Satellite (space-to-Earth)/Radiodetermination Satellite (space-to-Earth)";"ISM Equipment/Satellite Communications"
"- United States -";"2495 - 2500 MHz";"Mobile Satellite (space-to-Earth)/Radiodetermination Satellite (space-to-Earth)/Fixed/Mobile except aeronautical mobile/Mobile Satellite (space-to-Earth)/Radiodetermination Satellite (space-to-Earth)";"ISM Equipment/Satellite Communications/Wireless Communications"
"- United States -";"2500 - 2655 MHz";"Fixed/Mobile except aeronautical mobile";"Wireless Communications"
"- United States -";"2655 - 2690 MHz";"Earth Exploration Satellite (passive)/Radio Astronomy/Space Research (passive)/Fixed/Mobile except aeronautical mobile/Earth Exploration Satellite (passive)/Radio Astronomy/Space Research (passive)";"Wireless Communications"
"- United States -";"2690 - 2700 MHz";"Earth Exploration Satellite (passive)/Radio Astronomy/Space Research (passive)";""
"- United States -";"2700 - 2900 MHz";"Meteorological Aids/Aeronautical Radionagivation/Radiolocation";"Aviation"
"- United States -";"2900 - 3100 MHz";"Radiolocation/Maritime Radionagivation/Maritime Radionagivation/Radiolocation";"Maritime/Private Land Mobile"
"- United States -";"3100 - 3300 MHz";"Radiolocation/Earth Exploration Satellite (active)/Space Research (active)/Earth Exploration Satellite (active)/Space Research (active)/Radiolocation";"Private Land Mobile"
"- United States -";"3300 - 3500 MHz";"Radiolocation/Amateur (Technician,General,Extra, all modes)/Radiolocation";"Private Land Mobile/Amateur Radio"
"- United States -";"3500 - 3550 MHz";"Radiolocation/Aeronautical Radionagivation (ground-based)/Radiolocation";"Private Land Mobile"
"- United States -";"3550 - 3600 MHz";"Radiolocation/Aeronautical Radionavigation (ground-based)/Fixed/Mobile except aeronautical mobile";"Citizens Broadband"
"- United States -";"3600 - 3650 MHz";"Radiolocation/Aeronautical Radionagivation (ground-based)/Fixed/Fixed Satellite (space-to-Earth)/Mobile except aeronautical mobile";"Satellite Communications/Citizens Broadband"
"- United States -";"3650 - 3700 MHz";"Fixed/Fixed Satellite (space-to-Earth)/Mobile except aeronautical mobile";"Satellite Communications/Citizens Broadband"
"- United States -";"3700 - 4200 MHz";"Fixed/Fixed Satellite (space-to-Earth)";"Satellite Communications/Fixed Microwave"
"- United States -";"4200 - 4400 MHz";"Aeronautical Radionagivation";"Aviation"
"- United States -";"4400 - 4500 MHz";"Fixed/Mobile";""
"- United States -";"4500 - 4800 MHz";"Fixed/Mobile/Fixed Satellite (space-to-Earth)";""
"- United States -";"4800 - 4940 MHz";"Fixed/Mobile";""
"- United States -";"4940 - 4990 MHz";"Fixed/Mobile except aeronautical mobile";"Public Safety Land Mobile"
"- United States -";"4990 - 5000 MHz";"Radio Astronomy/Space Research (passive)";""
"- United States -";"5000 - 5010 MHz";"Aeronautical Mobile (R)/Aeronautical Mobile Satellite (R)/Aeronautical Radionagivation/Radionagivation Satellite (Earth-to-space)";"Aviation"
"- United States -";"5010 - 5030 MHz";"Aeronautical Mobile Satellite (R)/Aeronautical Radionagivation/Radionagivation Satellite (space-to-Earth)(space-to-space)";"Aviation"
"- United States -";"5030 - 5091 MHz";"Aeronautical Mobile (R)/Aeronautical Mobile Satellite (R)/Aeronautical Radionagivation";"Aviation"
"- United States -";"5091 - 5150 MHz";"Aeronautical Mobile/Aeronautical Mobile Satellite (R)/Aeronautical Radionagivation";"Satellite Communications/Aviation"
"- United States -";"5150 - 5250 MHz";"Aeronautical Radionagivation/Fixed Satellite (Earth-to-space)/Aeronautical Radionagivation";"RF Devices/Satellite Communications/Aviation"
"- United States -";"5250 - 5255 MHz";"Earth Exploration Satellite (active)/Radiolocation/Space Research (active)/Earth Exploration Satellite (active)/Radiolocation/Space Research";"RF Devices/Private Land Mobile"
"- United States -";"5255 - 5350 MHz";"Earth Exploration Satellite (active)/Radiolocation/Space Research (active)/Earth Exploration Satellite (active)/Radiolocation/Space Research (active)";"RF Devices/Private Land Mobile"
"- United States -";"5350 - 5460 MHz";"Earth Exploration Satellite (active)/Radiolocation/Aeronautical Radionagivation/Space Research (active)/Aeronautical Radionagivation/Earth Exploration Satellite (active)/Radiolocation/Space Research (active)";"Aviation/Private Land Mobile"
"- United States -";"5460 - 5470 MHz";"Earth Exploration Satellite (active)/Radiolocation/Radionagivation/Space Research (active)/Radionagivation/Earth Exploration Satellite (active)/Radiolocation/Space Research (active)";"Maritime/Aviation/Private Land Mobile"
"- United States -";"5470 - 5570 MHz";"Earth Exploration Satellite (active)/Radiolocation/Maritime Radionagivation/Space Research (active)/Radiolocation/Maritime Radionagivation/Earth Exploration Satellite (active)/Space Research (active)";"RF Devices/Maritime/Private Land Mobile"
"- United States -";"5570 - 5600 MHz";"Radiolocation/Maritime Radionagivation/Radiolocation/Maritime Radionagivation";"RF Devices/Maritime/Private Land Mobile"
"- United States -";"5600 - 5650 MHz";"Meteorological Aids/Radiolocation/Maritime Radionagivation/Meteorological Aids/Radiolocation/Maritime Radionavigation";"RF Devices/Maritime/Private Land Mobile"
"- United States -";"5650 - 5830 MHz";"Radiolocation/Amateur (Technician,General,Extra, all modes)";"RF Devices/ISM Equipment/Amateur Radio"
"- United States -";"5830 - 5850 MHz";"Radiolocation/Amateur (Technician,General,Extra, all modes)/Amateur Satellite (space-to-Earth)";"RF Devices/ISM Equipment/Amateur Radio"
"- United States -";"5850 - 5925 MHz";"Radiolocation/Fixed Satellite (Earth-to-space)/Mobile/Amateur (Technician,General,Extra, all modes)";"ISM Equipment/Private Land Mobile/Personal Radio/Amateur Radio"
"- United States -";"5925 - 6425 MHz";"Fixed/Fixed Satellite (Earth-to-space)";"RF Devices/Satellite Communications/Fixed Microwave"
"- United States -";"6425 - 6525 MHz";"Fixed Satellite (Earth-to-space)/Mobile";"RF Devices/Satellite Communications/TV Broadcast Auxiliary/Cable TV Relay/Fixed Microwave"
"- United States -";"6525 - 6700 MHz";"Fixed/Fixed Satellite (Earth-to-space)";"RF Devices/Satellite Communications/Fixed Microwave"
"- United States -";"6700 - 6875 MHz";"Fixed/Fixed Satellite (Earth-to-space)(space-to-Earth)";"RF Devices/Satellite Communications/Fixed Microwave"
"- United States -";"6875 - 7025 MHz";"Fixed/Fixed Satellite (Earth-to-space)(space-to-Earth)/Mobile";"RF Devices/Satellite Communications/TV Broadcast Auxiliary/Cable TV Relay"
"- United States -";"7025 - 7075 MHz";"Fixed/Fixed Satellite (Earth-to-space)/Mobile";"RF Devices/TV Broadcast Auxiliary/Cable TV Relay"
"- United States -";"7075 - 7125 MHz";"Fixed/Mobile";"RF Devices/TV Broadcast Auxiliary/Cable TV Relay"
"- United States -";"7125 - 7145 MHz";"Fixed";"RF Devices"
"- United States -";"7145 - 7190 MHz";"Fixed/Space Research (deep space)(Earth-to-space)";"RF Devices"
"- United States -";"7190 - 7235 MHz";"Fixed/Space Research (Earth-to-space)";"RF Devices"
"- United States -";"7235 - 7250 MHz";"Fixed";""
"- United States -";"7250 - 7300 MHz";"Fixed Satellite (space-to-Earth)/Mobile Satellite (space-to-Earth)/Fixed";""
"- United States -";"7300 - 7450 MHz";"Fixed/Fixed Satellite (space-to-Earth)/Mobile Satellite (space-to-Earth)";""
"- United States -";"7450 - 7550 MHz";"Fixed/Fixed Satellite (space-to-Earth)/Meteorological Satellite (space-to-Earth)/Mobile Satellite (space-to-Earth)";""
"- United States -";"7550 - 7750 MHz";"Fixed/Fixed Satellite (space-to-Earth)/Mobile Satellite (space-to-Earth)";""
"- United States -";"7750 - 7900 MHz";"Fixed/Meteorological Satellite (space-to-Earth)";""
"- United States -";"7900 - 8025 MHz";"Fixed Satellite (Earth-to-space)/Mobile Satellite (Earth-to-space)/Fixed";""
"- United States -";"8025 - 8175 MHz";"Earth Exploration Satellite (space-to-Earth)/Fixed/Fixed Satellite (Earth-to-space)/Mobile Satellite (Earth-to-space)(no airborne transmissions)";""
"- United States -";"8175 - 8215 MHz";"Earth Exploration Satellite (space-to-Earth)/Fixed/Fixed Satellite (Earth-to-space)/Meteorological Satellite (Earth-to-space)/Mobile Satellite (Earth-to-space)(no airborne transmissions)";""
"- United States -";"8215 - 8400 MHz";"Earth Exploration Satellite (space-to-Earth)/Fixed/Fixed Satellite (Earth-to-space)/Mobile Satellite (Earth-to-space)(no airborne transmissions)";""
"- United States -";"8400 - 8450 MHz";"Fixed/Space Research (deep space)(space-to-Earth)/Space Research (deep space)(space-to-Earth)";""
"- United States -";"8450 - 8500 MHz";"Fixed/Space Research (space-to-Earth)/Space Research(space-to-Earth)";""
"- United States -";"8500 - 8550 MHz";"Radiolocation/Radiolocation";"Private Land Mobile"
"- United States -";"8550 - 8650 MHz";"Earth Exploration Satellite (active)/Radiolocation/Space Research (active)";"Private Land Mobile"
"- United States -";"8.65 - 9 GHz";"Radiolocation";"Aviation/Private Land Mobile"
"- United States -";"9 - 9.2 GHz";"Aeronautical Radionagivation/Radiolocation";"Aviation/Private Land Mobile"
"- United States -";"9.2 - 9.3 GHz";"Maritime Radionagivation/Radiolocation";"Maritime/Private Land Mobile"
"- United States -";"9.3 - 9.5 GHz";"Earth Exploration Satellite (active)/Radiolocation/Radionavigation/Space Research (active)/Meteorological Aids/Radionavigation/Meteorological Aids/Earth Exploration Satellite (active)/Radiolocation/Space Research (active)";"Maritime/Aviation/Private Land Mobile"
"- United States -";"9.5 - 9.8 GHz";"Earth Exploration Satellite (active)/Radiolocation/Space Research (active)/Earth Exploration Satellite (active)/Radiolocation/Space Research (active)";"Private Land Mobile"
"- United States -";"9.8 - 9.9 GHz";"Radiolocation/Earth Exploration Satellite (active)/Space Research (active)/Earth Exploration Satellite (active)/Radiolocation/Space Research (active)";"Private Land Mobile"
"- United States -";"9.9 - 10 GHz";"Radiolocation";"Private Land Mobile"
"- United States -";"10 - 10.45 GHz";"Radiolocation/Amateur (Technician,General,Extra, all modes)/Radiolocation";"Private Land Mobile/Amateur Radio"
"- United States -";"10.45 - 10.5 GHz";"Radiolocation/Amateur (Technician,General,Extra, all modes)/Amateur Satellite/Radiolocation";"Private Land Mobile/Amateur Radio"
"- United States -";"10.5 - 10.55 GHz";"Radiolocation";"Private Land Mobile"
"- United States -";"10.55 - 10.6 GHz";"Fixed";"Fixed Microwave"
"- United States -";"10.6 - 10.68 GHz";"Earth Exploration Satellite (passive)/Space Research (passive)/Earth Exploration Satellite (passive)/Fixed/Space Research (passive)";"Fixed Microwave"
"- United States -";"10.68 - 10.7 GHz";"Earth Exploration Satellite (passive)/Radio Astronomy/Space Research (passive)";""
"- United States -";"10.7 - 11.7 GHz";"Fixed/Fixed Satellite (space-to-Earth)";"Satellite Communications/Fixed Microwave"
"- United States -";"11.7 - 12.2 GHz";"Fixed Satellite (space-to-Earth)";"Satellite Communications"
"- United States -";"12.2 - 12.7 GHz";"Fixed/Broadcasting Satellite";"Satellite Communications/Fixed Microwave"
"- United States -";"12.7 - 12.75 GHz";"Fixed/Fixed Satellite/Mobile";"TV Broadcast Auxiliary/Cable TV Relay/Fixed Microwave"
"- United States -";"12.75 - 13.25 GHz";"Fixed/Fixed Satellite (Earth-to-space)/Mobile";"Satellite Communications/TV Broadcast Auxiliary/Cable TV Relay/Fixed Microwave"
"- United States -";"13.25 - 13.4 GHz";"Earth Exploration Satellite (active)/Aeronautical Radionagivation/Space Research (active)/Aeronautical Radionagivation/Earth Exploration Satellite (active)/Space Research (active)";"Aviation"
"- United States -";"13.4 - 13.75 GHz";"Earth Exploration Satellite (active)/Radiolocation/Space Research/Standard Frequency and Time Signal Satellite (Earth-to-space)/Earth Exploration Satellite (active)/Radiolocation/Space Research/Standard Frequency and Time Signal Satellite (Earth-to-space)";"Private Land Mobile"
"- United States -";"13.75 - 14 GHz";"Radiolocation/Standard Frequency and Time Signal Satellite (Earth-to-space)/Space Research/Fixed Satellite (Earth-to-space)/Standard Frequency and Time Signal Satellite (Earth-to-space)/Space Research/Radiolocation";"Satellite Communications/Private Land Mobile"
"- United States -";"14 - 14.2 GHz";"Space Research/Fixed Satellite (Earth-to-space)/Mobile Satellite (Earth-to-space)/Space Research";"Satellite Communications"
"- United States -";"14.2 - 14.4 GHz";"Fixed Satellite (Earth-to-space)/Mobile Satellite (Earth-to-space)";"Satellite Communications"
"- United States -";"14.4 - 14.47 GHz";"Fixed/Mobile/Fixed Satellite (Earth-to-space)/Mobile Satellite (Earth-to-space)";"Satellite Communications"
"- United States -";"14.47 - 14.5 GHz";"Fixed/Mobile/Fixed Satellite (Earth-to-space)/Mobile Satellite (Earth-to-space)";"Satellite Communications"
"- United States -";"14.5 - 14.7145 GHz";"Fixed/Mobile/Space Research";""
"- United States -";"14.7145 - 14.8 GHz";"Mobile/Fixed/Space Research";""
"- United States -";"14.8 - 15.1365 GHz";"Mobile/Space Research/Fixed";""
"- United States -";"15.1365 - 15.35 GHz";"Fixed/Space Research/Mobile";""
"- United States -";"15.35 - 15.4 GHz";"Earth Exploration Satellite (passive)/Radio Astronomy/Space Research (passive)";""
"- United States -";"15.4 - 15.43 GHz";"Radiolocation/Aeronautical Radionagivation/Aeronautical Radionagivation";"Aviation"
"- United States -";"15.43 - 15.63 GHz";"Radiolocation/Aeronautical Radionagivation/Fixed Satellite (Earth-to-space)/Aeronautical Radionagivation";"Satellite Communications/Aviation"
"- United States -";"15.63 - 15.7 GHz";"Radiolocation/Aeronautical Radionagivation/Aeronautical Radionagivation";"Aviation"
"- United States -";"15.7 - 16.6 GHz";"Radiolocation/Radiolocation";"Private Land Mobile"
"- United States -";"16.6 - 17.1 GHz";"Radiolocation/Space Research (deep space)(Earth-to-space)/Radiolocation";"Private Land Mobile"
"- United States -";"17.1 - 17.2 GHz";"Radiolocation/Radiolocation";"Private Land Mobile"
"- United States -";"17.2 - 17.3 GHz";"Earth Exploration Satellite (active)/Radiolocation/Space Research (active)/Earth Exploration Satellite (active)/Radiolocation/Space Research (Active)";"Private Land Mobile"
"- United States -";"17.3 - 17.7 GHz";"Radiolocation/Fixed Satellite (Earth-to-space)/Broadcasting Satellite";"Satellite Communications"
"- United States -";"17.7 - 17.8 GHz";"Fixed/Fixed Satellite (Earth-to-space)";"Satellite Communications/TV Broadcast Auxiliary/Cable TV Relay/Fixed Microwave"
"- United States -";"17.8 - 18.3 GHz";"Fixed Satellite (space-to-Earth)/Fixed/Fixed Satellite (space-to-Earth)";"Satellite Communications/TV Broadcast Auxiliary/Cable TV Relay/Fixed Microwave"
"- United States -";"18.3 - 18.6 GHz";"Fixed Satellite (space-to-Earth)/Fixed Satellite (space-to-Earth)";"Satellite Communications"
"- United States -";"18.6 - 18.8 GHz";"Earth Exploration Satellite (passive)/Fixed Satellite (space-to-Earth)/Space Research (passive)/Earth Exploration Satellite (passive)/Fixed Satellite (space-to-Earth)/Space Research (passive)";"Satellite Communications"
"- United States -";"18.8 - 19.3 GHz";"Fixed Satellite (space-to-Earth)/Fixed Satellite (space-to-Earth)";"Satellite Communications"
"- United States -";"19.3 - 19.7 GHz";"Fixed Satellite (space-to-Earth)/Fixed/fixed Satellite (space-to-Earth)";"Satellite Communications/TV Broadcast Auxiliary/Cable TV Relay/Fixed Microwave"
"- United States -";"19.7 - 20.2 GHz";"Fixed Satellite (space-to-Earth)/Fixed Satellite (space-to-Earth)/Mobile Satellite (space-to-Earth)";"Satellite Communications"
"- United States -";"20.2 - 21.2 GHz";"Fixed Satellite (space-to-Earth)/Mobile Satellite (space-to-Earth)/Standard Frequency and Time Signal Satellite (space-to-Earth)/Standard Frequency and Time Signal Satellite (space-to-Earth)";""
"- United States -";"21.2 - 21.4 GHz";"Earth Exploration Satellite (passive)/Fixed/Mobile/Space Research (passive)";"Fixed Microwave"
"- United States -";"21.4 - 22 GHz";"Fixed/Mobile";"Fixed Microwave"
"- United States -";"22 - 22.21 GHz";"Fixed/Mobile except aeronautical mobile";"Fixed Microwave"
"- United States -";"22.21 - 22.5 GHz";"Earth Exploration Satellite (passive)/Fixed/Mobile except aeronautical mobile/Radio Astronomy/Space Research (passive)";"Fixed Microwave"
"- United States -";"22.5 - 22.55 GHz";"Fixed/Mobile";"Fixed Microwave"
"- United States -";"22.55 - 23.15 GHz";"Fixed/Inter-Satellite/Mobile/Space Research (Earth-to-space)";"Satellite Communications/Fixed Microwave"
"- United States -";"23.15 - 23.55 GHz";"Fixed/Inter-Satellite/Mobile";"Satellite Communications/Fixed Microwave"
"- United States -";"23.55 - 23.6 GHz";"Fixed/Mobile";"Fixed Microwave"
"- United States -";"23.6 - 24 GHz";"Earth Exploration Satellite (passive)/Radio Astronomy/Space Research (passive)";""
"- United States -";"24 - 24.05 GHz";"Amateur (Technician,General,Extra, all modes)/Amateur Satellite";"ISM Equipment/Amateur Radio"
"- United States -";"24.05 - 24.25 GHz";"Radiolocation/Earth Exploration Satellite (active)/Amateur (Technician,General,Extra, all modes)/Earth Exploration Satellite (active)/Radiolocation";"RF Devices/ISM Equipment/Private Land Mobile/Amateur Radio"
"- United States -";"24.25 - 24.45 GHz";"Fixed/Mobile";"RF Devices/Upper Microwave Flexible Use"
"- United States -";"24.45 - 24.65 GHz";"Inter-Satellite/Radionagivation";"RF Devices/Satellite Communications"
"- United States -";"24.65 - 24.75 GHz";"Inter-Satellite/Radiolocation Satellite (Earth-to-space)";"RF Devices/Satellite Communications"
"- United States -";"24.75 - 25.25 GHz";"Fixed/Fixed Satellite (Earth-to-space)/Mobile";"RF Devices/Satellite Communications/Upper Microwave Flexible Use"
"- United States -";"25.25 - 25.5 GHz";"Fixed/Inter-Satellite/Mobile/Standard Frequency and Time Signal Satellite (Earth-to-space)/Inter-Satellite/Standard Frequency and Time Signal Satellite (Earth-to-space)";"RF Devices"
"- United States -";"25.5 - 27 GHz";"Earth Exploration Satellite (space-to-Earth)/Fixed/Inter-Satellite/Mobile/Space Research (space-to-Earth)/Standard Frequency and Time Signal Satellite (Earth-to-space)/Space Research (space-to-Earth)/Inter-Satellite/Standard Frequency and Time Signal Satellite (Earth-to-space)";"RF Devices"
"- United States -";"27 - 27.5 GHz";"Fixed/Inter-Satellite/Mobile/Inter-Satellite";"RF Devices"
"- United States -";"27.5 - 28.35 GHz";"Fixed/Fixed Satellite (Earth-to-space)/Mobile";"RF Devices/Satellite Communications/Upper Microwave Flexible Use/Fixed Microwave"
"- United States -";"28.35 - 29.1 GHz";"Fixed Satellite (Earth-to-space)";"Satellite Communications"
"- United States -";"29.1 - 29.25 GHz";"Fixed/Fixed Satellite (Earth-to-space)/Mobile";"RF Devices/Satellite Communications/Fixed Microwave"
"- United States -";"29.25 -29.5 GHz";"Fixed Satellite (Earth-to-space)";"Satellite Communications"
"- United States -";"29.5 - 30 GHz";"Fixed Satellite (Earth-to-space)/Mobile Satellite (Earth-to-space)";"Satellite Communications"
"- United States -";"30 - 31 GHz";"Fixed Satellite (Earth-to-space)/Mobile Satellite (Earth-to-space)/Standard Frequency and Time Signal Satellite (space-to-Earth)/Standard Frequency and Time Signal Satellite (space-to-Earth)";""
"- United States -";"31 - 31.3 GHz";"Standard Frequency and Time Signal Satellite (space-to-Earth)/Fixed/Mobile/Standard Frequency and Time Signal Satellite (space-to-Earth)";"Fixed Microwave"
"- United States -";"31.3 - 31.8 GHz";"Earth Exploration Satellite (passive)/Radio Astronomy/Space Research (passive)";""
"- United States -";"31.8 - 32.3 GHz";"Radionagivation/Space Research (deep space)(space-to-Earth)/Space Research (deep space)(space-to-Earth)";""
"- United States -";"32.3 - 33 GHz";"Inter-Satellite/Radionagivation";"Aviation"
"- United States -";"33 - 33.4 GHz";"Radionagivation";"Aviation"
"- United States -";"33.4 - 34.2 GHz";"Radiolocation/Radiolocation";"Private Land Mobile"
"- United States -";"34.2 - 34.7 GHz";"Radiolocation/Space Research (deep space)(Earth-to-space)/Radiolocation/Space Research (deep space)(Earth-to-space)";"Private Land Mobile"
"- United States -";"34.7 - 35.5 GHz";"Radiolocation/Radiolocation";"Private Land Mobile"
"- United States -";"35.5 - 36 GHz";"Earth Exploration Satellite (active)/Radiolocation/Space Research (active)/Earth Exploration Satellite (active)/Radiolocation/Space Research (active)";"Private Land Mobile"
"- United States -";"36 - 37 GHz";"Earth Exploration Satellite (passive)/Fixed/Mobile/Space Research (passive)";""
"- United States -";"37 - 37.5 GHz";"Fixed/Mobile except aeronautical mobile/Space Research (space-to-Earth)/Fixed/Mobile except aeronautical mobile";"Upper Microwave Flexible Use"
"- United States -";"37.5 - 38 GHz";"Fixed/Mobile except aeronautical mobile/Space Research (space-to-Earth)/Fixed/Fixed Satellite (space-to-Earth)/Mobile except aeronautical mobile";"Satellite Communications/Upper Microwave Flexible Use"
"- United States -";"38 - 38.6 GHz";"Fixed/Mobile/Fixed/Fixed Satellite (space-to-Earth)/Mobile";"Satellite Communications/Upper Microwave Flexible Use"
"- United States -";"38.6 - 39.5 GHz";"Fixed/Fixed Satellite (space-to-Earth)/Mobile";"Satellite Communications/Upper Microwave Flexible Use"
"- United States -";"39.5 - 40 GHz";"Fixed Satellite (space-to-Earth)/Mobile Satellite (space-to-Earth)/Fixed/Fixed Satellite (space-to-Earth)/Mobile";"Satellite Communications/Upper Microwave Flexible Use"
"- United States -";"40 - 40.5 GHz";"Earth Exploration Satellite (Earth-to-space)/Fixed Satellite (space-to-Earth)/Mobile Satellite (space-to-Earth)/Space Research (Earth-to-space)/Earth Exploration Satellite (space-to-Earth)/Fixed Satellite (space-to-Earth)/Mobile Satellite (space-to-Earth)";"Satellite Communications"
"- United States -";"40.5 - 41 GHz";"Fixed Satellite (space-to-Earth)/Mobile Satellite (space-to-Earth)/Fixed Satellite (space-to-Earth)/Broadcasting/Broadcasting Satellite/Fixed/Mobile/Mobile Satellite (space-to-Earth)";"Satellite Communications"
"- United States -";"41 - 42 GHz";"Fixed/Fixed Satellite (space-to-Earth)/Mobile/Broadcasting/Broadcasting Satellite";"Satellite Communications"
"- United States -";"42 - 42.5 GHz";"Fixed/Mobile";"Satellite Communications"
"- United States -";"42.5 - 43.5 GHz";"Fixed/Fixed Satellite (Earth-to-space)/Mobile except aeronautical mobile/Radio Astronomy/Radio Astronomy";""
"- United States -";"43.5 - 45.5 GHz";"Fixed Satellite (Earth-to-space)/Mobile Satellite (Earth-to-space)";""
"- United States -";"45.5 -46.9 GHz";"Mobile/Mobile Satellite (Earth-to-space)/Radionagivation Satellite";"RF Devices"
"- United States -";"46.9 - 47 GHz";"Mobile/Mobile Satellite (Earth-to-space)/Radionagivation Satellite/Fixed/Mobile/Mobile Satellite (Earth-to-space)/Radionagivation Satellite";""
"- United States -";"47 - 47.2 GHz";"Amateur (Technician,General,Extra, all modes)/Amateur Satellite";"Amateur Radio"
"- United States -";"47.2 - 48.2 GHz";"Fixed/Fixed Satellite (Earth-to-space)/Mobile";"Satellite Communications/Upper Microwave Flexible Use"
"- United States -";"48.2 - 50.2 GHz";"Fixed/Fixed Satellite (Earth-to-space)/Mobile";"Satellite Communications"
"- United States -";"50.2 - 50.4 GHz";"Earth Exploration Satellite (passive)/Space Research (passive)";""
"- United States -";"50.4 - 51.4 GHz";"Fixed/Fixed Satellite (Earth-to-space)/Mobile/Mobile Satellite (Earth-to-space)/Fixed/Fixed Satellite (Earth-to-space)/Mobile/Mobile Satellite (Earth-to-space)";""
"- United States -";"51.4 - 52.6 GHz";"Fixed/Mobile";""
"- United States -";"52.6 - 54.25 GHz";"Earth Exploration Satellite (passive)/Space Research (passive)";""
"- United States -";"54.25 - 55.78 GHz";"Earth Exploration Satellite (passive)/Inter-Satellite/Space Research (passive)";"Satellite Communications"
"- United States -";"55.78 - 56.9 GHz";"Earth Exploration Satellite (passive)/Fixed/Inter-Satellite/Mobile/Space Research (passive)";"Satellite Communications"
"- United States -";"56.9 - 57 GHz";"Earth Exploration Satellite (passive)/Fixed/Inter-Satellite/Mobile/Space Research (passive)/Earth Exploration Satellite (passive)/Fixed/Mobile/Space Research (passive)";""
"- United States -";"57 - 58.2 GHz";"Earth Exploration Satellite (passive)/Fixed/Inter-Satellite/Mobile/Space Research (passive)";"RF Devices/Satellite Communications"
"- United States -";"58.2 - 59 GHz";"Earth Exploration Satellite (passive)/Fixed/Mobile/Space Research (passive)";"RF Devices"
"- United States -";"59 - 59.3 GHz";"Earth Exploration Satellite (passive)/Fixed/Inter-Satellite/Mobile/Radiolocation/Space Research (passive)/Earth Exploration Satellite (passive)/Fixed/Mobile/Radiolocation/Space Research (passive)";""
"- United States -";"59.3 - 64 GHz";"Fixed/Inter-Satellite/Mobile/Radiolocation/Fixed/Mobile/Radiolocation";"RF Devices/ISM Equipment"
"- United States -";"64 - 65 GHz";"Fixed/Inter-Satellite/Mobile except aeronautical mobile/Fixed/Mobile except aeronautical mobile";"RF devices"
"- United States -";"65 - 66 GHz";"Earth Exploration Satellite/Fixed/Mobile except aeronautical mobile/Space Research/Earth Exploration Satellite/Fixed/Inter-Satellite/Mobile except aeronautical mobile/Space Research";"RF Devices/Satellite Communications"
"- United States -";"66 - 71 GHz";"Mobile/Mobile Satellite/Radionagivation/Radionagivation Satellite/Inter-Satellite/Mobile/Mobile Satellite/Radionagivation/Radionagivation Satellite";"RF Devices/Satellite Communications"
"- United States -";"71 - 74 GHz";"Fixed/Fixed Satellite (space-to-Earth)/Mobile/Mobile Satellite (space-to-Earth)";"Fixed Microwave"
"- United States -";"74 - 76 GHz";"Fixed/Fixed Satellite (space-to-Earth)/Mobile/Space Research (space-to-Earth)/Fixed/Fixed Satellite (space-to-Earth)/Mobile/Broadcasting/Broadcasting Satellite/Space Research (space-to-Earth)";"RF Devices/Fixed Microwave"
"- United States -";"76 - 77 GHz";"Radio Astronomy/Radiolocation/Space Research (space-to-Earth)/Radio Astronomy/Radiolocation/Amateur (Technician,General,Extra, all modes)/Space Research (space-to-Earth)";"RF Devices/Personal Radio/Amateur Radio"
"- United States -";"77 - 81 GHz";"Radio Astronomy/Radiolocation/Space Research (space-to-Earth)/Radio Astronomy/Radiolocation/Amateur (Technician,General,Extra, all modes)/Amateur Satellite/Space Research (space-to-Earth)";"RF Devices/Personal Radio/Amateur Radio"
"- United States -";"81 - 84 GHz";"Fixed/Fixed Satellite (Earth-to-space)/Mobile/Mobile Satellite (Earth-to-space)/Radio Astronomy/Space Research (space-to-Earth)";"RF Devices/Fixed Microwave"
"- United States -";"84 - 86 GHz";"Fixed/Fixed Satellite (Earth-to-space)/Mobile/Radio Astronomy";"RF Devices/Fixed Microwave"
"- United States -";"86 - 92 GHZ";"Earth Exploration Satellite (passive)/Radio Astronomy/Space Research (passive)";""
"- United States -";"92 - 94 GHz";"Fixed/Mobile/Radio Astronomy/Radiolocation";"RF Devices/Fixed Microwave"
"- United States -";"94 -94.1 GHz";"Earth Exploration Satellite (active)/Radiolocation/Space Research (active)/Radio Astronomy/Radiolocation/Radio Astronomy";"RF Devices"
"- United States -";"94.1 - 95 GHz";"Fixed/Mobile/Radio Astronomy/Radiolocation";"RF Devices/Fixed Microwave"
"- United States -";"95 - 100 GHz";"Fixed/Mobile/Radio Astronomy/Radiolocation/Radionagivation/Radionavigation Satellite";""
"- United States -";"100 - 102 GHz";"Earth Exploration Satellite (passive)/Radio Astronomy/Space Research (passive)";""
"- United States -";"102 - 105 GHz";"Fixed/Mobile/Radio Astronomy";""
"- United States -";"105 - 109.5 GHz";"Fixed/Mobile/Radio Astronomy/Space Research (passive)";""
"- United States -";"109.5 - 111.8 GHz";"Earth Exploration Satellite (passive)/Radio Astronomy/Space Research (passive)";""
"- United States -";"111.8 - 114.25 GHz";"Fixed/Mobile/Radio Astronomy/Space Research (passive)";""
"- United States -";"114.25 - 116 GHz";"Earth Exploration Satellite (passive)/Radio Astronomy/Space Research (passive)";""
"- United States -";"116 - 122.25 GHz";"Earth Exploration Satellite (passive)/Inter-Satellite/Space Research (passive)";"ISM Equipment"
"- United States -";"122.25 - 123 GHz";"Fixed/Fixed Satellite/Mobile/Fixed/Inter-Satellite/Mobile/Amateur (Technician,General,Extra, all modes)";"ISM Equipment/Amateur Radio"
"- United States -";"123 - 130 GHz";"Fixed Satellite (space-to-Earth)/Mobile Satellite (space-to-Earth)/Radionavigation/Radionagivation Satellite/Radio Astronomy";""
"- United States -";"130 - 134 GHz";"Earth Exploration Satellite (active)/Fixed/Inter-Satellite/Mobile/Radio Astronomy";""
"- United States -";"134 - 136 GHz";"Radio Astronomy/Amateur (Technician,General,Extra, all modes)/Amateur Satellite/Radio Astronomy";"Amateur Radio"
"- United States -";"136 - 141 GHz";"Radio Astronomy/Radiolocation/Radio Astronomy/Radiolocation/Amateur (Technician,General,Extra, all modes)/Amateur Satellite";"Amateur Radio"
"- United States -";"141 - 148.5 GHz";"Fixed/Mobile/Radio Astronomy/Radiolocation";""
"- United States -";"148.5 - 151.5 GHz";"Earth Exploration Satellite (passive)/Radio Astronomy/Space Research (passive)";""
"- United States -";"151.5 - 155.5 GHz";"Fixed/Mobile/Radio Astronomy/Radiolocation";""
"- United States -";"155.5 - 158.5 GHz";"Earth Exploration Satellite (passive)/Fixed/Mobile/Radio Astronomy/Space Research (passive)";""
"- United States -";"158.5 - 164 GHz";"Fixed/Fixed Satellite (space-to-Earth)/Mobile/Mobile Satellite (space-to-Earth)";""
"- United States -";"164 - 167 GHz";"Earth Exploration Satellite (passive)/Radio Astronomy/Space Research (passive)";""
"- United States -";"167 - 174.5";"Fixed/Fixed Satellite (space-to-Earth)/Inter-Satellite/Mobile";""
"- United States -";"174.5 - 174.8 GHz";"Fixed/Inter-Satellite/Mobile";""
"- United States -";"174.8 - 182 GHz";"Earth Exploration Satellite (passive)/Inter-Satellite/Space Research (passive)";""
"- United States -";"182 - 185 GHz";"Earth Exploration Satellite (passive)/Radio Astronomy/Space Research (passive)";""
"- United States -";"185 - 190 GHz";"Earth Exploration Satellite (passive)/Inter-Satellite/Space Research (passive)";""
"- United States -";"190 - 191.8 GHz";"Earth Exploration Satellite (passive)/Space Research (passive)";""
"- United States -";"191.8 - 200 GHz";"Fixed/Inter-Satellite/Mobile/Mobile Satellite/Radionagivation/Radionagivation Satellite";""
"- United States -";"200 - 209 GHz";"Earth Exploration Satellite (passive)/Radio Astronomy/Space Research (passive)";""
"- United States -";"209 - 217 GHz";"Fixed/Fixed Satellite (Earth-to-space)/Mobile/Radio Astronomy";""
"- United States -";"217 - 226 GHz";"Fixed/Fixed Satellite (Earth-to-space)/Mobile/Radio Astronomy/Space Research (passive)";""
"- United States -";"226 - 231.5 GHz";"Earth Exploration Satellite (passive)/Radio Astronomy/Space Research (passive)";""
"- United States -";"231.5 - 232 GHz";"Fixed/Mobile/Radiolocation";""
"- United States -";"232 - 235 GHz";"Fixed/Fixed Satellite (space-to-Earth)/Mobile/Radiolocation";""
"- United States -";"235 - 238 GHz";"Earth Exploration Satellite (passive)/Fixed Satellite (space-to-Earth)/Space Research (passive)";""
"- United States -";"238 - 240 GHz";"Fixed/Fixed Satellite (space-to-Earth)/Mobile/Radiolocation/Radionagivation/Radionagivation Satellite";""
"- United States -";"240 - 241 GHz";"Fixed/Mobile/Radiolocation";""
"- United States -";"241 - 248 GHz";"Radio Astronomy/Radiolocation/Radio Astronomy/Radiolocation/Amateur (Technician,General,Extra, all modes)/Amateur Satellite";"ISM Equipment,Amateur Radio"
"- United States -";"248 - 250 GHz";"Radio Astronomy/Amateur (Technician,General,Extra, all modes)/Amateur Satellite/Radio Astronomy";""
"- United States -";"250 - 252 GHz";"Earth Exploration Satellite (passive)/Radio Astronomy/Space Research (passive)";""
"- United States -";"252 - 265 GHz";"Fixed/Mobile/Mobile Satellite (Earth-to-space)/Radio Astronomy/Radionagivation/Radionavigation Satellite";""
"- United States -";"265 - 275 GHz";"Fixed/Fixed Satellite (Earth-to-space)/Mobile/Radio Astronomy";""
"- United States -";"275 - 3000 GHz";"Not Allocated/Amateur (Technician,General,Extra, all modes)";"Amateur Radio"